"TimeWindow","TrophicLevel","gen.vul","niche.overlap","nullP"
"1990_1995","ResArea_Orig",21.235838959692,0.303744252888222,0
"1996_2000","ResArea_Orig",20.3910226465188,0.334816624577364,0
"2001_2005","ResArea_Orig",16.189708323985,0.55732969289571,0
"2006_2012","ResArea_Orig",14.7426224922839,0.545185167173672,0
"1990_1995","Most_Probable_Topic",28.12675098484,0.640237273137644,0
"1996_2000","Most_Probable_Topic",30.000064411303,0.670181591916278,0
"2001_2005","Most_Probable_Topic",32.825470383217,0.723487869456706,0
"2006_2012","Most_Probable_Topic",33.4593868454646,0.634441402194767,0
