"TrophicLevel","TimeWindow","gen.vul","niche.overlap","partner.diversity"
"ResArea_Orig","1990_1995",21.235838959692,0.303744252888222,3.02778517026058
"Most_Probable_Topic","1990_1995",28.12675098484,0.640237273137644,3.32238516278983
"ResArea_Orig","1996_2000",20.3910226465188,0.334816624577364,2.99773752787637
"Most_Probable_Topic","1996_2000",30.000064411303,0.670181591916278,3.37810438635652
"ResArea_Orig","2001_2005",16.189708323985,0.55732969289571,2.77002351883024
"Most_Probable_Topic","2001_2005",32.825470383217,0.723487869456706,3.47116515078777
"ResArea_Orig","2006_2012",14.7426224922839,0.545185167173672,2.67248452920709
"Most_Probable_Topic","2006_2012",33.4593868454646,0.634441402194767,3.4892158609811
